file_id,display,genres
10_Years_(band),10 Years (band),"alternative metal, progressive metal, post-grunge, metal"
10cc,10cc,"art rock, art pop, progressive pop, soft rock, pop rock"
311_(band),311 (band),"alternative rock, rap rock, reggae rock, funk rock, funk metal"
38_Special_(band),38 Special (band),"hard rock, southern rock, boogie rock, blues rock"
3_Doors_Down,3 Doors Down,"post-grunge, alternative rock"
A_Perfect_Circle,A Perfect Circle,"alternative rock, alternative metal, hard rock, art rock"
ABBA,ABBA,"pop, disco, pop rock, europop"
AC_DC,AC/DC,"hard rock, blues rock, rock and roll, heavy metal"
Accept_(band),Accept (band),heavy metal
Adam_Ant,Adam Ant,"new wave, post-punk, alternative rock, dance-rock"
Aerosmith,Aerosmith,"hard rock, blues rock, heavy metal"
AFI_(band),AFI (band),"punk rock, gothic rock, horror punk, post-hardcore, emo, hardcore punk"
Air_Supply,Air Supply,"soft rock, pop rock, pop"
Alanis_Morissette,Alanis Morissette,"alternative rock, electronica, trip hop, indie pop, pop rock"
Alice_Cooper,Alice Cooper,"hard rock, shock rock, glam rock, heavy metal"
Alice_Cooper_(band),Alice Cooper (band),"hard rock, glam rock, shock rock, psychedelic rock"
Alice_in_Chains,Alice in Chains,"grunge, alternative metal, heavy metal, alternative rock, sludge metal"
Alter_Bridge,Alter Bridge,"hard rock, heavy metal, alternative metal, progressive metal, alternative rock, post-grunge"
Ambrosia_(band),Ambrosia (band),"progressive rock, soft rock, jazz fusion, blue-eyed soul"
America_(band),America (band),"soft rock, folk rock, pop rock, country rock"
Anthrax_(American_band),Anthrax (American band),"thrash metal, speed metal, groove metal, alternative metal"
April_Wine,April Wine,hard rock
Arcade_Fire,Arcade Fire,"indie rock, art rock, dance-rock, baroque pop"
Arctic_Monkeys,Arctic Monkeys,"indie rock, garage rock, post-punk revival, psychedelic rock, lounge pop"
Asia_(band),Asia (band),"progressive rock, aor, pop rock"
Audioslave,Audioslave,"hard rock, alternative metal, post-grunge, alternative rock"
Avenged_Sevenfold,Avenged Sevenfold,"heavy metal, progressive metal, alternative metal, hard rock, metalcore"
Avril_Lavigne,Avril Lavigne,"pop-punk, alternative rock, pop rock, pop"
Awolnation,Awolnation,"alternative rock, electronic rock, indie rock, electropop, pop rock, dance-rock"
Bachman_Turner_Overdrive,Bachman–Turner Overdrive,"rock, hard rock, boogie rock"
Bad_Company,Bad Company,"hard rock, blues rock"
Badfinger,Badfinger,"rock, power pop"
Barenaked_Ladies,Barenaked Ladies,"alternative pop, folk rock, pop rock, comedy rock"
Bay_City_Rollers,Bay City Rollers,"pop, glam rock, pop rock"
Beastie_Boys,Beastie Boys,"hip-hop, rap rock, alternative hip-hop, hardcore punk"
Beck,Beck,"alternative rock, folk rock, psychedelia, electronic, alt-country, lo-fi"
Bee_Gees,Bee Gees,"disco, pop, soul, rock, soft rock"
Ben_Folds_Five,Ben Folds Five,"alternative rock, power pop"
Bill_Haley_&_His_Comets,Bill Haley & His Comets,"rock and roll, rockabilly, western swing"
Billy_Idol,Billy Idol,"new wave, hard rock, pop rock, punk rock"
Billy_Joel,Billy Joel,"rock, soft rock, pop rock"
Billy_Squier,Billy Squier,"hard rock, arena rock, pop rock, power pop"
Billy_Talent,Billy Talent,"punk rock, alternative rock, post-hardcore, pop-punk"
Black_Sabbath,Black Sabbath,heavy metal
Black_Stone_Cherry,Black Stone Cherry,"hard rock, southern rock"
Black_Veil_Brides,Black Veil Brides,"hard rock, alternative metal, glam metal, gothic metal, metalcore"
Blink-182,Blink-182,"pop-punk, punk rock, skate punk, alternative rock"
Blondie_(band),Blondie (band),"new wave, punk rock, pop rock, pop, disco"
Bloodhound_Gang,Bloodhound Gang,"alternative rock, rap rock, pop-punk, new wave"
Blue__yster_Cult,Blue Öyster Cult,"hard rock, heavy metal, occult rock, psychedelic rock, progressive rock, acid rock"
Blue_October,Blue October,"alternative rock, art rock, post-grunge, new wave, synth-pop, shoegaze"
Blues_Traveler,Blues Traveler,"blues rock, folk rock, alternative rock, southern rock, jam band"
Blur_(band),Blur (band),"britpop, indie rock, alternative rock, art pop"
Bo_Diddley,Bo Diddley,"rock and roll, blues, psychedelic funk"
Bob_Dylan,Bob Dylan,"folk, blues, rock, gospel, country, traditional pop"
Bob_Seger,Bob Seger,"rock, heartland rock, roots rock"
Bon_Jovi,Bon Jovi,"hard rock, glam metal, arena rock, pop rock"
Boston_(band),Boston (band),"hard rock, arena rock"
Bowling_for_Soup,Bowling for Soup,"pop-punk, pop rock, alternative rock, power pop"
Boys_Like_Girls,Boys Like Girls,"pop rock, pop-punk, emo pop"
Bread_(band),Bread (band),soft rock
Breaking_Benjamin,Breaking Benjamin,"hard rock, post-grunge, alternative metal, alternative rock"
Bring_Me_the_Horizon,Bring Me the Horizon,"metalcore, alternative metal, alternative rock, post-hardcore, pop rock, electronic rock, deathcore"
Bruce_Springsteen,Bruce Springsteen,"rock, heartland rock, folk, pop rock"
Bryan_Adams,Bryan Adams,"pop rock, soft rock, arena rock, heartland rock, rock"
Bryan_Ferry,Bryan Ferry,"pop rock, glam rock, art rock, sophisti-pop"
Buckcherry,Buckcherry,"hard rock, alternative metal, sleaze rock"
Buddy_Holly,Buddy Holly,"rock and roll, rockabilly, pop"
Bullet_for_My_Valentine,Bullet for My Valentine,"melodic metalcore, heavy metal, thrash metal, hard rock"
Bush_(British_band),Bush (British band),"post-grunge, grunge, hard rock, alternative rock"
Cage_the_Elephant,Cage the Elephant,"alternative rock, indie rock, psychedelic rock, garage rock, punk blues, post-punk"
Cake_(band),Cake (band),"alternative rock, country, indie rock, funk rock"
Canned_Heat,Canned Heat,"blues rock, boogie rock"
Catfish_and_the_Bottlemen,Catfish and the Bottlemen,"alternative rock, indie rock, post-punk revival"
Charlie_Daniels,Charlie Daniels,"southern rock, country rock, progressive country, bluegrass"
Cheap_Trick,Cheap Trick,"rock, hard rock, power pop"
Chevelle_(band),Chevelle (band),"hard rock, alternative metal, alternative rock, post-grunge, nu metal"
Chicago_(band),Chicago (band),"rock, soft rock, pop rock, jazz rock"
Chris_Cornell,Chris Cornell,"alternative metal, heavy metal, grunge, alternative rock, hard rock"
Chris_de_Burgh,Chris de Burgh,"art rock, pop"
Chris_Rea,Chris Rea,"pop rock, soft rock, electric blues, blues rock"
Christopher_Cross,Christopher Cross,"rock, pop, soft rock, yacht rock"
Chubby_Checker,Chubby Checker,rock and roll
Chuck_Berry,Chuck Berry,"rock and roll, rhythm and blues"
Cinderella_(band),Cinderella (band),"glam metal, hard rock, blues rock"
Coheed_and_Cambria,Coheed and Cambria,"progressive rock, alternative rock, post-hardcore, emo, progressive metal"
Cold_Chisel,Cold Chisel,"pub rock, r&b, hard rock, rock and roll"
Coldplay,Coldplay,"alternative rock, pop rock, post-britpop, pop"
Collective_Soul,Collective Soul,"alternative rock, hard rock, post-grunge"
Counting_Crows,Counting Crows,"alternative rock, roots rock, pop rock"
Crash_Test_Dummies,Crash Test Dummies,"alternative rock, folk rock"
Cream_(band),Cream (band),"psychedelic rock, blues rock, acid rock, hard rock"
Creed_(band),Creed (band),"post-grunge, hard rock, alternative rock, alternative metal"
Creedence_Clearwater_Revival,Creedence Clearwater Revival,"swamp rock, roots rock, blues rock, country rock, southern rock"
Crosby__Stills__Nash_&_Young,"Crosby, Stills, Nash & Young","folk rock, soft rock, country rock, folk pop"
Crowded_House,Crowded House,"pop rock, jangle pop, alternative rock"
Dallas_Green_(musician),City and Colour,"indie folk, acoustic, alternative rock, post-hardcore, screamo, melodic hardcore"
Damn_Yankees_(band),Damn Yankees (band),"hard rock, arena rock"
Dan_Fogelberg,Dan Fogelberg,"rock, country, folk, folk rock, soft rock, pop rock, pop"
Dashboard_Confessional,Dashboard Confessional,"emo, alternative rock, indie rock, acoustic rock"
Daughtry_(band),Daughtry (band),"post-grunge, hard rock, pop rock"
Dave_Matthews_Band,Dave Matthews Band,"rock, jam rock"
David_Bowie,David Bowie,"art rock, glam rock, pop, electronic"
Days_of_the_New,Days of the New,"post-grunge, alternative rock"
Death_Cab_for_Cutie,Death Cab for Cutie,"indie rock, alternative rock, indie pop, emo"
Deep_Purple,Deep Purple,"hard rock, heavy metal, progressive rock"
Def_Leppard,Def Leppard,"hard rock, glam metal, arena rock, power pop, heavy metal"
Deftones,Deftones,"alternative metal, art rock, shoegaze, nu metal"
Depeche_Mode,Depeche Mode,"synth-pop, electronic rock, new wave, alternative rock"
Dio_(band),Dio (band),heavy metal
Dire_Straits,Dire Straits,"roots rock, blues rock, pub rock"
Disturbed_(band),Disturbed (band),"heavy metal, alternative metal, hard rock, nu metal"
Don_Henley,Don Henley,"rock, country rock, pop rock, hard rock, folk rock"
Donovan,Donovan,"folk, pop, psychedelia, rock"
Dr._Hook_&_the_Medicine_Show,Dr. Hook,"country rock, roots rock, boogie rock, pop rock, soft rock, blue-eyed soul, disco"
Dropkick_Murphys,Dropkick Murphys,"celtic punk, folk punk, street punk, oi!, hardcore punk"
Drowning_Pool,Drowning Pool,"alternative metal, nu metal, hard rock, post-grunge"
Duane_Eddy,Duane Eddy,"rock and roll, instrumental rock, country"
Duran_Duran,Duran Duran,"pop rock, synth-pop, new wave, dance-rock"
Eagles_(band),Eagles (band),"rock, country rock, soft rock, folk rock"
Echo_&_the_Bunnymen,Echo & the Bunnymen,"post-punk, new wave, neo-psychedelia"
Eddie_Cochran,Eddie Cochran,"rock and roll, rockabilly, country, rhythm and blues"
Eddie_Money,Eddie Money,"rock, pop rock, hard rock"
Edgar_Winter,Edgar Winter,"pop, jazz fusion, blues rock, blue-eyed soul, boogie rock, southern rock"
Electric_Light_Orchestra,Electric Light Orchestra,"progressive pop, progressive rock, orchestral pop, art rock, orchestral pop<ref>the following references cite the band as either orchestral pop or symphonic pop:, the classics: english progressive rock and the counterculture, archive.org, details, rockingclassicse0000maca, university press"
Elton_John,Elton John,"pop rock, glam rock, soft rock, blues"
Elvis_Costello,Elvis Costello,"rock, pop, new wave, power pop, punk rock, pub rock"
Elvis_Presley,Elvis Presley,"rock and roll, pop, rockabilly, country, gospel, r&b, soul, blues"
Emerson__Lake_&_Palmer,"Emerson, Lake & Palmer","progressive rock, art rock"
England_Dan_&_John_Ford_Coley,England Dan & John Ford Coley,"pop rock, soft rock, country rock"
Eric_Clapton,Eric Clapton,"rock, blues"
Europe_(band),Europe (band),"arena rock, hard rock, glam metal, blues rock"
Evanescence,Evanescence,"alternative metal, gothic metal, gothic rock, hard rock, industrial rock, symphonic metal, nu metal"
Everclear_(band),Everclear (band),"alternative rock, power pop, post-grunge, pop rock, grunge, punk rock"
Everlast,Everlast,"hip hop, folk rock, blues"
Extreme_(band),Extreme (band),"hard rock, funk metal, glam metal"
Faces_(band),Faces (band),"rock, blues"
Faith_No_More,Faith No More,"alternative metal, funk metal, alternative rock, experimental rock"
Fall_Out_Boy,Fall Out Boy,"pop-punk, pop rock, emo, alternative rock"
Fats_Domino,Fats Domino,"rock and roll, new orleans r&b, boogie-woogie, blues"
Filter_(band),Filter (band),"industrial rock, post-grunge, alternative rock, hard rock, industrial metal, alternative metal"
Finger_Eleven,Finger Eleven,"alternative rock, alternative metal, hard rock, nu metal"
FireHouse,FireHouse,"glam metal, hard rock"
Five_Finger_Death_Punch,Five Finger Death Punch,"groove metal, alternative metal, hard rock"
Five_for_Fighting,Five for Fighting,"soft rock, heartland rock, alternative rock, pop rock, americana, adult contemporary"
Fleetwood_Mac,Fleetwood Mac,"pop rock, soft rock, blues rock, art pop"
Flogging_Molly,Flogging Molly,"celtic punk, folk punk"
Florence_and_the_Machine,Florence and the Machine,"indie rock, indie pop, chamber pop, baroque pop, art pop, art rock, neo soul, folk"
Flyleaf_(band),Flyleaf (band),"alternative rock, post-grunge, hard rock, alternative metal, christian rock"
Foals_(band),Foals (band),"indie rock, alternative rock, math rock, art rock, dance-punk"
Foo_Fighters,Foo Fighters,"alternative rock, post-grunge, hard rock"
Foreigner_(band),Foreigner (band),"hard rock, soft rock, arena rock"
Foster_the_People,Foster the People,"indie pop, synth-pop, dance-pop, alternative rock, indie rock, neo-psychedelia"
Frank_Zappa,Frank Zappa,"rock, progressive rock, blues, experimental, jazz, fusion, classical, pop, avant-garde, doo-wop, comedy, electronic, musique concrète"
Franz_Ferdinand_(band),Franz Ferdinand (band),"indie rock, post-punk revival, dance-punk, art rock, art punk"
Fuel_(band),Fuel (band),"alternative rock, hard rock, post-grunge, alternative metal"
Fun_(band),Fun (band),"indie pop, indie rock, pop rock, baroque pop"
Funkadelic,Funkadelic,"funk rock, psychedelic funk, acid rock, psychedelic rock"
Garbage_(band),Garbage (band),"alternative rock, electronic rock, dance-rock, trip hop, industrial rock"
Gary_Glitter,Gary Glitter,"glam rock, rock and roll, pop rock, hard rock, disco"
Gene_Vincent,Gene Vincent,"rockabilly, rock and roll, country"
Genesis_(band),Genesis (band),"progressive rock, art rock, pop rock, soft rock"
George_Harrison,George Harrison,"rock, pop, indian classical"
George_Thorogood,George Thorogood,"blues rock, hard rock, boogie rock, rock and roll"
Ghost_(Swedish_band),Ghost (Swedish band),"hard rock, heavy metal, arena rock, pop rock, progressive rock"
Gin_Blossoms,Gin Blossoms,"alternative rock, jangle pop, power pop, country rock"
Glenn_Frey,Glenn Frey,"rock, pop rock, soft rock, country rock, hard rock"
Godsmack,Godsmack,"alternative metal, hard rock, post-grunge, nu metal"
Golden_Earring,Golden Earring,"hard rock, blues rock, jazz rock, psychedelic rock, garage rock"
Goo_Goo_Dolls,Goo Goo Dolls,"alternative rock, pop rock, punk rock"
Good_Charlotte,Good Charlotte,"pop-punk, alternative rock, emo, pop rock"
Grand_Funk_Railroad,Grand Funk Railroad,"arena rock, hard rock"
Grateful_Dead,Grateful Dead,rock
Great_White,Great White,"hard rock, glam metal"
Green_Day,Green Day,"punk rock, pop-punk, alternative rock, skate punk, power pop"
Greta_Van_Fleet,Greta Van Fleet,"hard rock, blues rock, progressive rock"
Guns_N__Roses,Guns N' Roses,"hard rock, heavy metal"
Halestorm,Halestorm,"hard rock, heavy metal, alternative metal, post-grunge"
Hall_&_Oates,Hall & Oates,"pop rock, blue-eyed soul, soft, rock, r&b"
Harry_Chapin,Harry Chapin,"folk rock, pop rock"
Harry_Nilsson,Harry Nilsson,"rock, pop"
Heart_(band),Heart (band),"rock, hard rock, folk rock, pop rock"
Herman_s_Hermits,Herman's Hermits,"beat, pop rock, bubblegum"
Highly_Suspect,Highly Suspect,"alternative rock, hard rock, blues rock, grunge, garage rock"
Hinder,Hinder,"post-grunge, hard rock"
Hole_(band),Hole (band),"alternative rock, grungekallen, 2012, punk rockhogg, 2001, noise rockanderson, 2007, power pop"
Hoobastank,Hoobastank,"alternative rock, nu metal, post-grunge, funk metal, ska punk"
Hootie_&_the_Blowfish,Hootie & the Blowfish,"pop rock, alternative rock, soft rock, roots rock, heartland rock, jangle pop"
Huey_Lewis_and_the_News,Huey Lewis and the News,"rock, new wave, rhythm & blues"
Ian_Dury,Ian Dury,"new wave, punk rock, post-punk, funk, disco, pub rock"
Icehouse_(band),Icehouse (band),"rock, new wave, synth-pop"
Iggy_Pop,Iggy Pop,"rock, punk rock, proto-punk, hard rock, garage rock"
Imagine_Dragons,Imagine Dragons,"pop rock, electropop, pop, arena rock, alternative rock, indie pop"
Incubus_(band),Incubus (band),"alternative rock, alternative metal, funk metal, nu metal"
Interpol_(band),Interpol (band),"indie rock, post-punk revival"
INXS,INXS,"new wave, pub rock, dance-rock, funk rock, alternative rock"
Iron_Maiden,Iron Maiden,heavy metal
Jack_White,Jack White,"blues rock, garage rock revival, alternative rock, punk blues, experimental rock"
Jackson_Browne,Jackson Browne,"rock, folk rock, soft rock, pop rock, country rock"
James_Blunt,James Blunt,"pop rock, folk pop, soft rock, folk rock"
James_Taylor,James Taylor,"soft rock, folk"
Jane_s_Addiction,Jane's Addiction,"alternative rock, alternative metal, funk metal, psychedelic rock"
Janis_Joplin,Janis Joplin,"psychedelic rock, blues rock, soul, blues"
Jeff_Buckley,Jeff Buckley,"alternative rock, folk-rock, blues"
Jefferson_Airplane,Jefferson Airplane,"psychedelic rock, acid rock, folk rock"
Jefferson_Starship,Jefferson Starship,"rock, hard rock, psychedelic rock, progressive rock, soft rock"
Jerry_Lee_Lewis,Jerry Lee Lewis,"rock and roll, rockabilly, country, gospel, [[honky-tonk#music, honky-tonk]]"
Jet_(Australian_band),Jet (band),"garage rock, hard rock, alternative rock, indie rock"
Jethro_Tull_(band),Jethro Tull (band),"progressive rock, folk rock, hard rock, blues rock"
Jim_Croce,Jim Croce,"folk, soft rock"
Jimi_Hendrix,Jimi Hendrix,"rock, psychedelia, blues, r&b"
Jimmy_Eat_World,Jimmy Eat World,"alternative rock, emo, pop-punk, power pop, pop rock"
Joan_Jett,Joan Jett,"rock, hard rock, punk rock"
Joe_Cocker,Joe Cocker,"rock, blues, blue-eyed soul, pop"
Joe_Satriani,Joe Satriani,"instrumental rock, hard rock, blues rock"
Joe_Walsh,Joe Walsh,"hard rock, blues rock, pop rock, progressive rock, country rock"
John_Fogerty,John Fogerty,"roots rock, rock and roll, country rock, heartland rock"
John_Lennon,John Lennon,"rock, pop, experimental"
John_Mayall,John Mayall,"british blues, blues rock, jazz, rock"
John_Mayall_&_the_Bluesbreakers,John Mayall & the Bluesbreakers,"british blues, blues rock"
John_Mayer,John Mayer,"rock, pop, blues"
John_Mellencamp,John Mellencamp,"heartland rock, roots rock, folk rock"
Journey_(band),Journey (band),"arena rock, hard rock, soft rock, progressive rock, jazz rock"
Joy_Division,Joy Division,"post-punk, new wave, gothic rock, new wave<ref> multiple sources :, independent, a funny word for ian?, www.the-independent.com, arts-entertainment, books-joy-a-funny-word-for-ian-1619550.html, may 1995, february 2025"
Judas_Priest,Judas Priest,heavy metal
Kaiser_Chiefs,Kaiser Chiefs,"indie rock, pop rock, post-punk revival, art punk, power pop, pop punk, alternative rock"
Kaleo_(band),Kaleo (band),"blues rock, indie folk, alternative rock"
Kansas_(band),Kansas (band),"progressive rock, art rock, hard rock, arena rock"
Keane_(band),Keane (band),"alternative rock, rock, post-britpop, soft rock"
Kenny_Loggins,Kenny Loggins,"rock, pop, folk rock, r&b, soul, soft rock"
Kid_Rock,Kid Rock,"rock, hip-hop, country, heavy metal"
Killswitch_Engage,Killswitch Engage,melodic metalcore
Kings_of_Leon,Kings of Leon,"alternative rock, southern rock, indie rock, garage rock revival"
Kiss_(band),Kiss (band),"hard rock, heavy metal, shock rock, glam metal"
Korn,Korn,"nu metal, alternative metal"
Lacuna_Coil,Lacuna Coil,"gothic metal, alternative metal"
Lamb_of_God_(band),Lamb of God (band),"groove metal, metalcore, thrash metal, death metal"
Led_Zeppelin,Led Zeppelin,"hard rock, blues rock, folk rock, heavy metal"
Lenny_Kravitz,Lenny Kravitz,"rock, funk, soul"
Lifehouse_(band),Lifehouse (band),"alternative rock, post-grunge, pop rock"
Limp_Bizkit,Limp Bizkit,"nu metal, rap rock, rap metal"
Linda_Ronstadt,Linda Ronstadt,"country, rock, pop"
Linkin_Park,Linkin Park,"alternative rock, nu metal, rap rock, alternative metal, electronic rock, pop rock"
Little_Richard,Little Richard,"rock and roll, rhythm and blues, gospel, soul"
Little_River_Band,Little River Band,"rock, aor, pop rock, soft rock"
Live_(band),Live (band),"alternative rock, post-grunge, hard rock"
Living_Colour,Living Colour,"hard rock, funk metal, alternative metal, hard rock<ref>the following sources refer to living colour as hard rock:, klosterman, rock city: a heavy metal odyssey in rural north dakota, books.google.com, books?, 2007, and schuster"
Lou_Reed,Lou Reed,"rock, art rock, proto-punk, glam rock"
Loverboy,Loverboy,"arena rock, hard rock, pop rock, new wave"
Lynyrd_Skynyrd,Lynyrd Skynyrd,"southern rock, blues rock, country rock, hard rock"
M_tley_Cr_e,Mötley Crüe,"heavy metal, glam metal, hard rock"
Manfred_Mann,Manfred Mann,"blues rock, r&b, pop, psychedelia"
Manfred_Mann_(musician),Manfred Mann (musician),"beat, blues rock, r&b, psychedelia, progressive rock, hard rock, r&b< web, www.allmusic.com, artist, manfred-mann-mn0000674662, mann biography by bruce eder"
Manfred_Mann_Chapter_Three,Manfred Mann Chapter Three,jazz rock
Manfred_Mann_s_Earth_Band,Manfred Mann's Earth Band,"progressive rock, hard rock, jazz rock"
Marilyn_Manson,Marilyn Manson,"industrial rock, industrial metal, gothic rock, alternative metal, shock rock"
Marilyn_Manson_(band),Marilyn Manson (band),"industrial rock, industrial metal, gothic rock, alternative metal, shock rock"
Matchbox_Twenty,Matchbox Twenty,"alternative rock, post-grunge, pop rock"
Meat_Loaf,Meat Loaf,"rock, hard rock"
Megadeth,Megadeth,"thrash metalphillips, cogan, 2009, speed metalphillips, heavy metalphillips"
Melissa_Etheridge,Melissa Etheridge,"country rock, heartland rock, roots rock, folk rock, blues rock"
Men_at_Work,Men at Work,"new wave, pop rock, reggae rock"
Metallica,Metallica,"heavy metal, thrash metal, speed metal, hard rock"
Michael_Martin_Murphey,Michael Martin Murphey,"progressive country, western, cowboy, bluegrass"
Midnight_Oil,Midnight Oil,"alternative rock, hard rock, post-punk, new wave"
Mike_and_the_Mechanics,Mike and the Mechanics,"rock, pop rock"
Mitch_Ryder,Mitch Ryder,"rock and roll, rhythm and blues, blue-eyed soul, frat rock, hard rock"
Modest_Mouse,Modest Mouse,"indie rock, alternative rock, post punk revival, punk rock, emo"
Montgomery_Gentry,Montgomery Gentry,"country, southern rock, country rock"
Morrissey,Morrissey,"alternative rock, indie pop, indie rock, jangle pop"
Mot_rhead,Motörhead,"heavy metal, hard rock, speed metal"
Mudvayne,Mudvayne,"alternative metal, nu metal, progressive metal, hard rock"
Mumford_&_Sons,Mumford & Sons,"folk rock, alternative rock, indie folk, americana, country, bluegrass"
Muse_(band),Muse (band),"alternative rock, progressive rock, space rock, hard rock, art rock, electronic rock"
My_Chemical_Romance,My Chemical Romance,"alternative rock, emo, pop-punk, post-hardcore, hard rock"
Neil_Young,Neil Young,"rock, folk rock, country rock"
New_York_Dolls,New York Dolls,"hard rock, proto-punk, glam rock, glam punk"
Nickelback,Nickelback,"post-grunge, hard rock, alternative rock, alternative metal, pop rock"
Nine_Inch_Nails,Nine Inch Nails,"industrial rock, industrial, alternative rock, electronic rock, industrial metal, ambient"
Nirvana_(band),Nirvana (band),"grunge, alternative rock, punk rock"
No_Doubt,No Doubt,"ska punk, pop rock, new wave, alternative rock, pop-punk, reggae"
Oasis_(band),Oasis (band),"rock, britpop"
Our_Lady_Peace,Our Lady Peace,"alternative rock, post-grunge"
Ozzy_Osbourne,Ozzy Osbourne,"heavy metal, hard rock"
P.O.D,P.O.D.,"nu metal, rap rock, alternative metal, hardcore punk"
Panic__at_the_Disco,Panic! at the Disco,"pop rock, baroque pop, electropop, alternative rock, emo, pop-punk"
Pantera,Pantera,"groove metal, thrash metal, glam metal"
Papa_Roach,Papa Roach,"alternative rock, nu metal, alternative metal, rap metal, hard rock"
Paramore,Paramore,"pop-punk, emo, pop rock, alternative rock, power pop, new wave"
Parliament-Funkadelic,Parliament-Funkadelic,"funk, psychedelic funk, funk rock, acid rock, progressive soul"
Parliament_(band),Parliament (band),"funk, r&b, psychedelic soul"
Pat_Benatar,Pat Benatar,"rock, hard rock, pop rock"
Paul_McCartney,Paul McCartney,"rock, pop, classical, electronic"
Paul_McCartney_and_Wings,Paul McCartney and Wings,"soft rock, soft rock<ref>the following sources cite the band as soft rock:, www.loudandquiet.com, interview, its-just-me-an-exclusive-interview-with-paul-mccartney-about-mccartney-iii, just me: an exclusive interview with paul mccartney about mccartney iii, and quiet"
Pearl_Jam,Pearl Jam,"grunge, alternative rock, hard rock"
Peter_Frampton,Peter Frampton,rock
Peter_Gabriel,Peter Gabriel,"progressive rock, art rock, worldbeat, progressive soul"
Phil_Collins,Phil Collins,"pop, soft rock, progressive rock, art rock"
Pink_Floyd,Pink Floyd,"progressive rock, art rock, psychedelic rock, space rock, experimental rock"
Pixies_(band),Pixies (band),"alternative rock, indie rock, noise pop, punk rock, surf rock"
Poison_(American_band),Poison (band),"glam metal, hard rock, heavy metal, heavy metal<ref>multiple sources:, www.omaha.com, poison-frontman-bret-michaels-will-help-with-pilger-clean-up, article_d4e9660e-f7f9-11e3-b72f-001a4bcf6878.html, frontman bret michaels will help with pilger clean-up, coffey, 2014"
Pop_Evil,Pop Evil,"hard rock, alternative metal, post-grunge"
Primus_(band),Primus (band),"alternative metal, funk metal, experimental rock, progressive rock"
Puddle_of_Mudd,Puddle of Mudd,"post-grunge, hard rock, alternative rock"
Queen_(band),Queen (band),"rock, pop"
Queens_of_the_Stone_Age,Queens of the Stone Age,"alternative rock, stoner rock, desert rock, hard rock, alternative metal"
Queensr_che,Queensrÿche,"progressive metal, heavy metal"
Quiet_Riot,Quiet Riot,"heavy metal, hard rock, glam metal"
R.E.M,R.E.M.,"alternative rock, jangle pop, folk rock, college rock, post-punk"
Radiohead,Radiohead,"art rock, alternative rock, electronica, experimental rock"
Rage_Against_the_Machine,Rage Against the Machine,"rap metal, rap rock, funk metal, alternative metal"
Rainbow_(rock_band),Rainbow (rock band),"hard rock, heavy metal"
Rammstein,Rammstein,"neue deutsche härte, industrial metal"
Ramones,Ramones,"punk rock, pop-punk"
Ratt,Ratt,"glam metal, heavy metal, hard rock"
Red_Hot_Chili_Peppers,Red Hot Chili Peppers,"funk rock, alternative rock, rap rock, funk metal"
REO_Speedwagon,REO Speedwagon,"arena rock, pop rock, hard rock, aor, blues rock"
Ringo_Starr,Ringo Starr,"rock, pop"
Rise_Against,Rise Against,"punk rock, melodic hardcore"
Ritchie_Valens,Ritchie Valens,"rock and roll, chicano rock"
Rob_Zombie,Rob Zombie,"industrial metal, shock rock, groove metal, alternative metal, hard rock, nu metal"
Robert_Plant,Robert Plant,"rock, blues, folk, country, hard rock, heavy metal"
Rod_Stewart,Rod Stewart,"rock, pop, blue-eyed soul, blues rock, folk rock, soft rock, disco, traditional pop"
Roxy_Music,Roxy Music,"art rock, glam rock, pop rock, sophisti-pop"
Roy_Orbison,Roy Orbison,"rock, pop, country, rock and roll, rockabilly"
Royal_Blood_(band),Royal Blood (band),"hard rock, blues rock, garage rock, stoner rock, alternative rock"
Run-DMC,Run-DMC,"hip-hop, rap rock"
Rush_(band),Rush (band),"progressive rock, hard rock, heavy metal"
Saliva_(band),Saliva (band),"nu metal, post-grunge, rap metal, hard rock"
Sam_Fender,Sam Fender,"rock, indie rock, pop rock, heartland rock"
Santana_(band),Santana (band),"latin rock, blues rock, psychedelic rock, acid rock, chicano rock, jazz fusion, yacht rock"
Saving_Abel,Saving Abel,"rock, hard rock, post-grunge, southern rock"
Scorpions_(band),Scorpions (band),"hard rock, heavy metal"
Seether,Seether,"post-grunge, hard rock, alternative metal, alternative rock, nu metal"
Sepultura,Sepultura,"groove metal, thrash metal, death metal, alternative metal"
Sex_Pistols,Sex Pistols,punk rock
Shakin__Stevens,Shakin' Stevens,"rockabilly, rock and roll"
Sheryl_Crow,Sheryl Crow,"country rock, pop, folk, blues, heartland rock"
Shinedown,Shinedown,"hard rock, alternative metal, post-grunge, alternative rock, pop rock"
Silverchair,Silverchair,"alternative rock, grunge, art rock, post-grunge"
Simon_&_Garfunkel,Simon & Garfunkel,folk rock
Simple_Minds,Simple Minds,"post-punk, art rock, arena rock, synth-pop"
Simple_Plan,Simple Plan,"pop-punk, alternative rock, pop rock, power pop, emo"
Sixto_Rodriguez,Sixto Rodriguez,"folk rock, psychedelic folk, psychedelic rock"
Skid_Row_(American_band),Skid Row (American band),"heavy metal, hard rock, glam metal"
Skillet_(band),Skillet (band),"christian rock, hard rock, alternative rock, alternative metal, post-grunge, nu metal"
Slade,Slade,"glam rock, glam rock hard rock"
Slayer,Slayer,thrash metal
Slipknot_(band),Slipknot (band),"nu metal, alternative metal, groove metal"
Sly_and_the_Family_Stone,Sly and the Family Stone,"psychedelic soul, rock"
Small_Faces,Small Faces,"rock, r&b, beat, pop, psychedelia, proto-punk, progressive pop"
Smash_Mouth,Smash Mouth,"alternative rock, power pop, pop rock, ska punk"
Smokie_(band),Smokie (band),"pop rock, soft rock, glam rock"
Snow_Patrol,Snow Patrol,"alternative rock, power pop, post-britpop, indie rock"
Social_Distortion,Social Distortion,"punk rock, cowpunk, rock and roll, hardcore punk"
Sonic_Youth,Sonic Youth,"noise rock, alternative rock, experimental rock, indie rock, post-punk, no wave (early) 2025"
Soundgarden,Soundgarden,"grunge, heavy metal, alternative metal, alternative rock"
Staind,Staind,"alternative metal, post-grunge, nu metal, hard rock"
Starset,Starset,"alternative rock, electronic rock, hard rock, alternative metal, progressive rock"
Starship_(band),Starship (band),"rock, arena rock, pop rock"
Status_Quo_(band),Status Quo (band),"rock, boogie rock, hard rock, psychedelia"
Steely_Dan,Steely Dan,"jazz rock, yacht rock, soft rock, pop, jazz fusion"
Steppenwolf_(band),Steppenwolf (band),"psychedelic rock, acid rock, heavy metal, garage rock, blues rock, hard rock"
Steve_Miller_Band,Steve Miller Band,"blues rock, pop rock"
Steve_Vai,Steve Vai,"instrumental rock, hard rock, heavy metal, progressive metal"
Steve_Winwood,Steve Winwood,"blue-eyed soul, r&b, rock, pop"
Stevie_Nicks,Stevie Nicks,"rock, pop, folk"
Stevie_Ray_Vaughan,Stevie Ray Vaughan,"texas blues, blues rock, electric blues, rock and roll"
Sting_(musician),Sting (musician),"pop, new wave, post-punk, soft rock"
Stone_Sour,Stone Sour,"alternative metal, hard rock, post-grunge, alternative rock"
Stone_Temple_Pilots,Stone Temple Pilots,"alternative rock, grunge, hard rock, alternative metal, psychedelic rock"
Styx_(band),Styx (band),"progressive rock, art rock, arena rock, pop rock"
Sublime_(band),Sublime (band),"ska punk, reggae rock"
Sublime_with_Rome,Sublime with Rome,"reggae rock, alternative rock, hip hop, dub, ska punk, punk rock"
Sum_41,Sum 41,"pop-punk, skate punk, punk rock, alternative metal, melodic hardcore, alternative rock"
Supertramp,Supertramp,"progressive pop, progressive rock, soft rock, pop"
Survivor_(band),Survivor (band),"rock, arena rock, hard rock"
System_of_a_Down,System of a Down,"alternative metal, nu metal, hard rock, progressive metal"
T._Rex_(band),T. Rex (band),"glam rock, pop, psychedelic folk"
Talking_Heads,Talking Heads,"new wave, post-punk, avant-funk, art pop, worldbeat"
Ted_Nugent,Ted Nugent,hard rock
Ten_Years_After,Ten Years After,blues rock
Tenacious_D,Tenacious D,"comedy rock, acoustic rock, hard rock, heavy metal"
Tesla_(band),Tesla (band),"hard rock, blues rock, glam metal"
The_Alan_Parsons_Project,The Alan Parsons Project,"progressive rock, art rock, progressive pop, soft rock"
The_All-American_Rejects,The All-American Rejects,"pop-punk, power pop, pop rock, emo pop"
The_Allman_Brothers_Band,The Allman Brothers Band,"southern rock, blues rock, jazz rock, jam band"
The_Animals,The Animals,"r&b, psychedelic rock, rock and roll, blues rock, progressive rock"
The_B-52_s,The B-52s,"new wave, dance-rock, post-punk, art pop"
The_Band,The Band,"roots rock, americana, folk rock, country rock"
The_Bangles,The Bangles,"pop rock, power pop, new wave, paisley underground"
The_Beach_Boys,The Beach Boys,"rock, pop, surf, psychedelia"
The_Beatles,The Beatles,"rock, pop, beat, psychedelia"
The_Big_Bopper,The Big Bopper,"rock and roll, rockabilly, country"
The_Black_Crowes,The Black Crowes,"southern rock, blues rock, hard rock, roots rock, jam band"
The_Black_Keys,The Black Keys,"garage rock, blues rock, punk blues, indie rock"
The_Boxtones,The Boxtones,rock
The_Byrds,The Byrds,"rock, pop, folk rock, psychedelia, raga rock, country rock, jangle pop"
The_Cab,The Cab,"alternative rock, pop-punk, pop rock, power pop, emo pop, pop"
The_Cardigans,The Cardigans,"alternative rock, pop rock, indie rock, indie pop"
The_Cars,The Cars,"new wave, power pop, pop rock, synth-rock"
The_Clash,The Clash,"punk rock, new wave, post-punk, reggae, experimental rock"
The_Cranberries,The Cranberries,"alternative rock, indie rock, pop rock, jangle pop, post-punk, dream pop"
The_Cult,The Cult,"hard rock, gothic rock, alternative rock, heavy metal, post-punk"
The_Cure,The Cure,"gothic rock, post-punk, alternative rock, new wave"
The_Dave_Clark_Five,The Dave Clark Five,"rock and roll, beat, pop"
The_Doobie_Brothers,The Doobie Brothers,"rock, soft rock, pop, blue-eyed, soul"
The_Doors,The Doors,"psychedelic rockdebolt, baugess, 2011, blues rockwallace, 2010, acid rockeinarson, 2001"
The_Everly_Brothers,The Everly Brothers,"rock and roll, rockabilly, country rock, country"
The_Fixx,The Fixx,"new wave, pop rock, art rock, dance-rock"
The_Flaming_Lips,The Flaming Lips,"neo-psychedelia, experimental rock, alternative rock, indie rock, psychedelic rock"
The_Four_Seasons_(band),The Four Seasons (band),"pop rock, pop, soul, doo-wop, soul<ref>the following sources cite the four seasons as either white soul, blue-eyed soul, pop-soul, or northern soul:, encyclopedia, publishing, the blue eyed soul of frankie valli & the four seasons"
The_Fray,The Fray,"alternative rock, pop rock, soft rock, christian rock"
The_Go-Go_s,The Go-Go's,"new wave, pop rock, power pop, post-punk, punk rock"
The_Guess_Who,The Guess Who,"hard rock, psychedelic rock, blues rock, garage rock"
The_Hives,The Hives,"garage rock revival, garage punk"
The_Hollies,The Hollies,"rock, pop"
The_J._Geils_Band,The J. Geils Band,"rock, blues rock, new wave"
The_Jam,The Jam,"mod revival, new wave, punk rock, power pop"
The_Jesus_and_Mary_Chain,The Jesus and Mary Chain,"noise pop, alternative rock, indie rock, post-punk"
The_Killers,The Killers,"alternative rock, pop rock, post-punk revival, new wave, heartland rock"
The_Kinks,The Kinks,"rock, pop"
The_Lovin__Spoonful,The Lovin' Spoonful,"folk rock, pop, rock"
The_Lumineers,The Lumineers,"indie folk, folk rock, americana"
The_Mamas_&_the_Papas,The Mamas & the Papas,"folk rock, sunshine pop"
The_Marshall_Tucker_Band,The Marshall Tucker Band,"southern rock, country rock, progressive country, blues rock, jazz rock"
The_Monkees,The Monkees,"pop rock, rock, bubblegum, psychedelia"
The_Moody_Blues,The Moody Blues,"progressive rock, art rock, psychedelic rock, pop rock"
The_Mothers_of_Invention,The Mothers of Invention,"jazz rock, experimental rock, progressive rock, comedy rock, avant-garde, doo-wop, art rock, blues rock"
The_Offspring,The Offspring,"punk rock, skate punk, pop-punk, alternative rock"
The_Outfield,The Outfield,"pop rock, new wave"
The_Police,The Police,"new wave, reggae rock, pop rock"
The_Presidents_of_the_United_States_of_America_(band),The Presidents of the United States of America (band),"alternative rock, pop-punk, post-grunge"
The_Pretenders,The Pretenders,"rock, pop rock, new wave, alternative rock"
The_Pretty_Reckless,The Pretty Reckless,"hard rock, alternative rock, post-grunge, blues rock"
The_Rolling_Stones,The Rolling Stones,"rock, pop, blues"
The_Script,The Script,"pop rock, soft rock, indie rock"
The_Smashing_Pumpkins,The Smashing Pumpkins,alternative rock
The_Smiths,The Smiths,"indie pop, indie rock, jangle pop, alternative rock"
The_Stone_Roses,The Stone Roses,"madchester, indie rock, alternative rock, dance-rock, neo-psychedelia"
The_Strokes,The Strokes,"indie rock, garage rock revival, post-punk revival, new wave, synth-pop"
The_Sweet,The Sweet,"glam rock, hard rock, power pop, bubblegum"
The_Tragically_Hip,The Tragically Hip,"alternative rock, roots rock, folk rock"
The_Used,The Used,"emo, screamo, post-hardcore, pop-punk, punk rock, alternative rock"
The_Velvet_Underground,The Velvet Underground,"art rock, proto-punk, experimental rock"
The_Verve,The Verve,"neo-psychedelia, alternative rock, britpop, shoegaze"
The_White_Stripes,The White Stripes,"garage rock, blues rock, alternative rock, punk blues, indie rock"
The_Who,The Who,"rock, hard rock, power pop, proto-punk"
The_Yardbirds,The Yardbirds,"blues rock, psychedelic rock, r&b, blues rock<ref>the following sources refer to the yardbirds as blues rock:, secret history of rock and roll, books.google.com, books?, editions"
The_Zombies,The Zombies,"r&b, rock, beat, baroque pop, psychedelic pop, proto-prog"
Theory_of_a_Deadman,Theory of a Deadman,"post-grunge, hard rock, alternative rock, alternative metal, pop rock"
Thin_Lizzy,Thin Lizzy,"hard rock, blues rock, heavy metal, folk rock"
Third_Eye_Blind,Third Eye Blind,"alternative rock, pop rock, post-grunge, power pop, pop-punk"
Thirty_Seconds_to_Mars,Thirty Seconds to Mars,alternative rock
Thousand_Foot_Krutch,Thousand Foot Krutch,"christian rock, christian metal, heavy metal, hard rock, alternative rock, nu metal, rap metal"
Three_Days_Grace,Three Days Grace,"post-grunge, hard rock, alternative rock, alternative metal, nu metal"
Three_Dog_Night,Three Dog Night,"soft rock, pop rock, roots rock, funk rock"
Tom_Petty,Tom Petty,"rock, heartland rock, roots rock, country rock, southern rock"
Tom_Petty_and_the_Heartbreakers,Tom Petty and the Heartbreakers,"rock, heartland rock, southern rock"
Tommy_James_and_the_Shondells,Tommy James and the Shondells,"rock, bubblegum"
Tool_(band),Tool (band),"alternative metal, art rock, post-metal, progressive metal, progressive rock"
Toto_(band),Toto (band),"arena rock, pop rock, hard rock, jazz fusion, progressive rock"
Tracy_Chapman,Tracy Chapman,"folk, blues rock, pop, soul"
Traffic_(band),Traffic (band),"progressive rock, psychedelic rock, jazz rock, folk rock, psychedelic pop"
Train_(band),Train (band),"rock, alternative rock, pop rock, roots rock"
Traveling_Wilburys,Traveling Wilburys,rock
Travis_(band),Travis (band),"post-britpop, pop rock, alternative rock"
Trivium_(band),Trivium (band),"metalcore, thrash metal, heavy metal, progressive metal"
Twenty_One_Pilots,Twenty One Pilots,"alternative rock, electropop, alternative hip-hop, pop rap, indie pop, pop rock"
Twisted_Sister,Twisted Sister,"heavy metal, glam metal, hard rock, shock rock"
U2,U2,"rock, alternative rock, pop rock, post-punk"
UB40,UB40,"reggae, dub"
Uriah_Heep_(band),Uriah Heep (band),"hard rock, progressive rock, heavy metal"
Vampire_Weekend,Vampire Weekend,"indie rock, indie pop, art pop, baroque pop, worldbeat"
Van_Halen,Van Halen,"hard rock, heavy metal, pop rock, arena rock, glam metal"
Van_Morrison,Van Morrison,"blue-eyed soul, celtic, rock, r&b, folk, blues, jazz, country, gospel, christian"
Van_Zant_(band),Van Zant (duo),"southern rock, country, arena rock, ccm"
Velvet_Revolver,Velvet Revolver,"hard rock, alternative metal"
Volbeat,Volbeat,"heavy metal, hard rock, rockabilly, psychobilly, groove metal, rock and roll"
W.A.S.P._(band),W.A.S.P. (band),"heavy metal, shock rock"
Warrant_(American_band),Warrant (American band),"glam metal, hard rock, heavy metal"
Weezer,Weezer,"alternative rock, power pop, pop rock, geek rock, pop-punk, emo"
White_Zombie_(band),White Zombie (band),"groove metal, stoner rock, dance rock, industrial metal, alternative metal, noise rock"
Whitesnake,Whitesnake,"hard rock, blues rock, glam metal"
X_(American_band),X (American band),"punk rock, alternative rock"
X_Ambassadors,X Ambassadors,"alternative rock, indie rock, indie pop, pop rock, alternative pop"
Yes_(band),Yes (band),"progressive rock, art rock, symphonic rock, pop rock"
ZZ_Top,ZZ Top,"blues rock, hard rock, boogie rock, southern rock"
